{
  "metrics": {
    "http_req_blocked": {
      "contains": "time",
      "values": {
        "avg": 0.006232565867164859,
        "min": 0.00121,
        "med": 0.002131,
        "max": 5.09357,
        "p(90)": 0.003825,
        "p(95)": 0.005289
      },
      "type": "trend"
    },
    "http_req_connecting": {
      "contains": "time",
      "values": {
        "avg": 0.003126492177335957,
        "min": 0,
        "med": 0,
        "max": 4.868447,
        "p(90)": 0,
        "p(95)": 0
      },
      "type": "trend"
    },
    "http_req_receiving": {
      "type": "trend",
      "contains": "time",
      "values": {
        "max": 3.792765,
        "p(90)": 0.049256400000000006,
        "p(95)": 0.06685619999999996,
        "avg": 0.030340404076458303,
        "min": 0.010422,
        "med": 0.022447
      }
    },
    "data_received": {
      "contains": "data",
      "values": {
        "count": 7346204,
        "rate": 244020.44961113267
      },
      "type": "counter"
    },
    "vus": {
      "type": "gauge",
      "contains": "default",
      "values": {
        "value": 50,
        "min": 50,
        "max": 50
      }
    },
    "http_req_duration": {
      "type": "trend",
      "contains": "time",
      "values": {
        "p(90)": 87.3670194,
        "p(95)": 93.29544699999998,
        "avg": 49.956365140808316,
        "min": 0.681631,
        "med": 42.178434,
        "max": 267.473876
      }
    },
    "iterations": {
      "type": "counter",
      "contains": "default",
      "values": {
        "count": 29877,
        "rate": 992.4307809899931
      }
    },
    "data_sent": {
      "contains": "data",
      "values": {
        "count": 3045374,
        "rate": 101158.8478504073
      },
      "type": "counter"
    },
    "iteration_duration": {
      "type": "trend",
      "contains": "time",
      "values": {
        "avg": 50.20784196576008,
        "min": 9.870117,
        "med": 43.214296,
        "max": 267.670084,
        "p(90)": 87.4984376,
        "p(95)": 93.4790556
      }
    },
    "http_req_duration{expected_response:true}": {
      "type": "trend",
      "contains": "time",
      "values": {
        "max": 267.473876,
        "p(90)": 87.3670194,
        "p(95)": 93.29544699999998,
        "avg": 49.956365140808316,
        "min": 0.681631,
        "med": 42.178434
      }
    },
    "http_req_failed": {
      "type": "rate",
      "contains": "default",
      "values": {
        "rate": 0,
        "passes": 0,
        "fails": 29977
      },
      "thresholds": {
        "rate<0.50": {
          "ok": true
        }
      }
    },
    "http_reqs": {
      "contains": "default",
      "values": {
        "count": 29977,
        "rate": 995.7525026521076
      },
      "type": "counter"
    },
    "http_req_tls_handshaking": {
      "contains": "time",
      "values": {
        "p(95)": 0,
        "avg": 0,
        "min": 0,
        "med": 0,
        "max": 0,
        "p(90)": 0
      },
      "type": "trend"
    },
    "http_req_sending": {
      "values": {
        "avg": 0.0098533165760416,
        "min": 0.003545,
        "med": 0.006786,
        "max": 5.361366,
        "p(90)": 0.014265,
        "p(95)": 0.019541199999999998
      },
      "type": "trend",
      "contains": "time"
    },
    "vus_max": {
      "type": "gauge",
      "contains": "default",
      "values": {
        "value": 50,
        "min": 50,
        "max": 50
      }
    },
    "http_req_waiting": {
      "type": "trend",
      "contains": "time",
      "values": {
        "p(95)": 93.2425586,
        "avg": 49.91617142015532,
        "min": 0.658886,
        "med": 42.143754,
        "max": 267.379001,
        "p(90)": 87.3140138
      }
    },
    "checks": {
      "type": "rate",
      "contains": "default",
      "values": {
        "passes": 29877,
        "fails": 0,
        "rate": 1
      }
    }
  },
  "errorRate": 0,
  "state": {
    "isStdErrTTY": true,
    "testRunDurationMs": 30104.870357,
    "isStdOutTTY": true
  }
}