{
  "metrics": {
    "data_received": {
      "contains": "data",
      "values": {
        "count": 10810218,
        "rate": 215222.97597358402
      },
      "type": "counter"
    },
    "http_req_waiting": {
      "contains": "time",
      "values": {
        "p(90)": 199.9845356,
        "p(95)": 214.04240574999997,
        "avg": 112.8234215691803,
        "min": 0.407027,
        "med": 105.3276405,
        "max": 477.651335
      },
      "type": "trend"
    },
    "checks": {
      "type": "rate",
      "contains": "default",
      "values": {
        "fails": 0,
        "rate": 1,
        "passes": 44190
      }
    },
    "http_req_connecting": {
      "type": "trend",
      "contains": "time",
      "values": {
        "min": 0,
        "med": 0,
        "max": 5.376921,
        "p(90)": 0,
        "p(95)": 0,
        "avg": 0.0006307606457439598
      }
    },
    "http_reqs": {
      "type": "counter",
      "contains": "default",
      "values": {
        "count": 44290,
        "rate": 881.7792209065567
      }
    },
    "http_req_failed": {
      "thresholds": {
        "rate<0.50": {
          "ok": true
        }
      },
      "type": "rate",
      "contains": "default",
      "values": {
        "fails": 44290,
        "rate": 0,
        "passes": 0
      }
    },
    "http_req_duration": {
      "type": "trend",
      "contains": "time",
      "values": {
        "p(90)": 200.0288124,
        "p(95)": 214.09183179999997,
        "avg": 112.86755767206901,
        "min": 0.435792,
        "med": 105.3806825,
        "max": 477.856229
      }
    },
    "iteration_duration": {
      "type": "trend",
      "contains": "time",
      "values": {
        "avg": 113.21315299608553,
        "min": 0.488403,
        "med": 105.70559399999999,
        "max": 478.480467,
        "p(90)": 200.1366965,
        "p(95)": 214.23179445
      }
    },
    "data_sent": {
      "type": "counter",
      "contains": "data",
      "values": {
        "count": 4496541,
        "rate": 89522.61051601692
      }
    },
    "iterations": {
      "type": "counter",
      "contains": "default",
      "values": {
        "count": 44190,
        "rate": 879.7882992066097
      }
    },
    "http_req_blocked": {
      "contains": "time",
      "values": {
        "avg": 0.003815954955971981,
        "min": 0.001255,
        "med": 0.002397,
        "max": 5.425679,
        "p(90)": 0.004345,
        "p(95)": 0.005804
      },
      "type": "trend"
    },
    "vus": {
      "values": {
        "value": 7,
        "min": 4,
        "max": 198
      },
      "type": "gauge",
      "contains": "default"
    },
    "http_req_duration{expected_response:true}": {
      "type": "trend",
      "contains": "time",
      "values": {
        "min": 0.435792,
        "med": 105.3806825,
        "max": 477.856229,
        "p(90)": 200.0288124,
        "p(95)": 214.09183179999997,
        "avg": 112.86755767206901
      }
    },
    "http_req_tls_handshaking": {
      "contains": "time",
      "values": {
        "p(95)": 0,
        "avg": 0,
        "min": 0,
        "med": 0,
        "max": 0,
        "p(90)": 0
      },
      "type": "trend"
    },
    "http_req_receiving": {
      "type": "trend",
      "contains": "time",
      "values": {
        "p(90)": 0.0559502,
        "p(95)": 0.07509184999999997,
        "avg": 0.03412821903364225,
        "min": 0.011858,
        "med": 0.025966,
        "max": 3.359514
      }
    },
    "http_req_sending": {
      "type": "trend",
      "contains": "time",
      "values": {
        "avg": 0.010007883856400997,
        "min": 0.003866,
        "med": 0.007878,
        "max": 0.521702,
        "p(90)": 0.015863399999999993,
        "p(95)": 0.021649299999999976
      }
    },
    "vus_max": {
      "type": "gauge",
      "contains": "default",
      "values": {
        "value": 200,
        "min": 200,
        "max": 200
      }
    }
  },
  "errorRate": 0,
  "state": {
    "isStdOutTTY": true,
    "isStdErrTTY": true,
    "testRunDurationMs": 50227.992393
  }
}