{
  "metrics": {
    "http_req_duration": {
      "type": "trend",
      "contains": "time",
      "values": {
        "avg": 196.89877572494265,
        "min": 0.367285,
        "med": 192.384561,
        "max": 599.75733,
        "p(90)": 370.087911,
        "p(95)": 405.16241649999995
      }
    },
    "vus": {
      "values": {
        "value": 6,
        "min": 4,
        "max": 198
      },
      "type": "gauge",
      "contains": "default"
    },
    "http_req_duration{expected_response:true}": {
      "type": "trend",
      "contains": "time",
      "values": {
        "min": 0.385629,
        "med": 190.191592,
        "max": 599.75733,
        "p(90)": 370.362222,
        "p(95)": 405.8739165,
        "avg": 195.44630468044951
      }
    },
    "http_req_waiting": {
      "type": "trend",
      "contains": "time",
      "values": {
        "p(95)": 405.119081,
        "avg": 196.8506090913846,
        "min": 0.344094,
        "med": 192.335939,
        "max": 599.72538,
        "p(90)": 370.023633
      }
    },
    "http_req_connecting": {
      "type": "trend",
      "contains": "time",
      "values": {
        "min": 0,
        "med": 0,
        "max": 11.326071,
        "p(90)": 0,
        "p(95)": 0,
        "avg": 0.0017853207502654244
      }
    },
    "checks": {
      "values": {
        "rate": 0.9565749476925506,
        "passes": 24231,
        "fails": 1100
      },
      "type": "rate",
      "contains": "default"
    },
    "http_req_blocked": {
      "contains": "time",
      "values": {
        "avg": 0.005374505092210374,
        "min": 0.001167,
        "med": 0.002368,
        "max": 11.435599,
        "p(90)": 0.004803,
        "p(95)": 0.0075075
      },
      "type": "trend"
    },
    "iterations": {
      "type": "counter",
      "contains": "default",
      "values": {
        "count": 25331,
        "rate": 503.62268151272434
      }
    },
    "http_req_tls_handshaking": {
      "type": "trend",
      "contains": "time",
      "values": {
        "p(90)": 0,
        "p(95)": 0,
        "avg": 0,
        "min": 0,
        "med": 0,
        "max": 0
      }
    },
    "http_req_receiving": {
      "type": "trend",
      "contains": "time",
      "values": {
        "max": 5.217729,
        "p(90)": 0.065835,
        "p(95)": 0.09632950000000001,
        "avg": 0.03743628260784092,
        "min": 0.010852,
        "med": 0.025655
      }
    },
    "data_received": {
      "type": "counter",
      "contains": "data",
      "values": {
        "count": 6059182,
        "rate": 120466.68061322617
      }
    },
    "http_req_failed": {
      "type": "rate",
      "contains": "default",
      "values": {
        "passes": 1100,
        "fails": 24331,
        "rate": 0.04325429593802839
      },
      "thresholds": {
        "rate<0.50": {
          "ok": true
        }
      }
    },
    "data_sent": {
      "type": "counter",
      "contains": "data",
      "values": {
        "count": 2574673,
        "rate": 51188.80898023807
      }
    },
    "iteration_duration": {
      "type": "trend",
      "contains": "time",
      "values": {
        "avg": 197.77109487702762,
        "min": 0.416372,
        "med": 193.058839,
        "max": 599.819342,
        "p(90)": 370.415084,
        "p(95)": 405.426193
      }
    },
    "http_reqs": {
      "values": {
        "count": 25431,
        "rate": 505.61084890253414
      },
      "type": "counter",
      "contains": "default"
    },
    "http_req_sending": {
      "type": "trend",
      "contains": "time",
      "values": {
        "avg": 0.010730350949628414,
        "min": 0.003674,
        "med": 0.00774,
        "max": 1.009576,
        "p(90)": 0.017749,
        "p(95)": 0.02658
      }
    },
    "vus_max": {
      "contains": "default",
      "values": {
        "value": 200,
        "min": 200,
        "max": 200
      },
      "type": "gauge"
    }
  },
  "errorRate": 0.04325429593802839,
  "state": {
    "isStdOutTTY": true,
    "isStdErrTTY": true,
    "testRunDurationMs": 50297.575804
  }
}